UserID,MobileNumber,Email,Name,DateJoined,PreferredLanguage,CreatedAt,UpdatedAt,Gender,Nationality
1,+974551000,user0@mail.com,User0,2021-05-22,English,2025-11-28 01:12:10.654544,2025-11-28 01:12:10.654554,Female,Qatari
2,+974551001,user1@mail.com,User1,2020-03-02,English,2025-11-28 01:12:10.654544,2025-11-28 01:12:10.654554,Male,Qatari
3,+974551002,user2@mail.com,User2,2020-06-27,English,2025-11-28 01:12:10.654544,2025-11-28 01:12:10.654554,Female,Qatari
4,+974551003,user3@mail.com,User3,2021-09-23,English,2025-11-28 01:12:10.654544,2025-11-28 01:12:10.654554,Male,Qatari
5,+974551004,user4@mail.com,User4,2023-12-24,English,2025-11-28 01:12:10.654544,2025-11-28 01:12:10.654554,Female,Qatari
6,+974551005,user5@mail.com,User5,2021-01-16,English,2025-11-28 01:12:10.654544,2025-11-28 01:12:10.654554,Male,Qatari
7,+974551006,user6@mail.com,User6,2021-10-12,English,2025-11-28 01:12:10.654544,2025-11-28 01:12:10.654554,Female,Qatari
8,+974551007,user7@mail.com,User7,2023-01-14,English,2025-11-28 01:12:10.654544,2025-11-28 01:12:10.654554,Male,Qatari
9,+974551008,user8@mail.com,User8,2025-10-19,English,2025-11-28 01:12:10.654544,2025-11-28 01:12:10.654554,Female,Qatari
10,+974551009,user9@mail.com,User9,2025-03-12,English,2025-11-28 01:12:10.654544,2025-11-28 01:12:10.654554,Male,Qatari
11,+974551010,user10@mail.com,User10,2021-03-08,English,2025-11-28 01:12:10.654544,2025-11-28 01:12:10.654554,Female,Qatari
12,+974551011,user11@mail.com,User11,2025-01-31,English,2025-11-28 01:12:10.654544,2025-11-28 01:12:10.654554,Male,Qatari
